result,proportion
home_win,48.756502842592795
away_win,28.05057400619005
draw,23.19292315121716
